{
  "count": 20,
  "start": 0,
  "total": 22,
  "subjects": [
    {
      "rating": {
        "max": 10,
        "average": 8.2,
        "stars": "45",
        "min": 0
      },
      "genres": [
        "动作",
        "科幻",
        "奇幻"
      ],
      "title": "X战警：天启",
      "casts": [
        {
          "alt": "https://movie.douban.com/celebrity/1006958/",
          "avatars": {
            "small": "http://img3.douban.com/img/celebrity/small/93.jpg",
            "large": "http://img3.douban.com/img/celebrity/large/93.jpg",
            "medium": "http://img3.douban.com/img/celebrity/medium/93.jpg"
          },
          "name": "詹姆斯·麦卡沃伊",
          "id": "1006958"
        },
        {
          "alt": "https://movie.douban.com/celebrity/1000010/",
          "avatars": {
            "small": "http://img3.douban.com/img/celebrity/small/32214.jpg",
            "large": "http://img3.douban.com/img/celebrity/large/32214.jpg",
            "medium": "http://img3.douban.com/img/celebrity/medium/32214.jpg"
          },
          "name": "迈克尔·法斯宾德",
          "id": "1000010"
        },
        {
          "alt": "https://movie.douban.com/celebrity/1022616/",
          "avatars": {
            "small": "http://img3.douban.com/img/celebrity/small/1358747052.41.jpg",
            "large": "http://img3.douban.com/img/celebrity/large/1358747052.41.jpg",
            "medium": "http://img3.douban.com/img/celebrity/medium/1358747052.41.jpg"
          },
          "name": "詹妮弗·劳伦斯",
          "id": "1022616"
        }
      ],
      "collect_count": 42338,
      "original_title": "X-Men: Apocalypse",
      "subtype": "movie",
      "directors": [
        {
          "alt": "https://movie.douban.com/celebrity/1049586/",
          "avatars": {
            "small": "http://img3.douban.com/img/celebrity/small/4473.jpg",
            "large": "http://img3.douban.com/img/celebrity/large/4473.jpg",
            "medium": "http://img3.douban.com/img/celebrity/medium/4473.jpg"
          },
          "name": "布莱恩·辛格",
          "id": "1049586"
        }
      ],
      "year": "2016",
      "images": {
        "small": "http://img3.douban.com/view/movie_poster_cover/ipst/public/p2352321614.jpg",
        "large": "http://img3.douban.com/view/movie_poster_cover/lpst/public/p2352321614.jpg",
        "medium": "http://img3.douban.com/view/movie_poster_cover/spst/public/p2352321614.jpg"
      },
      "alt": "https://movie.douban.com/subject/25786060/",
      "id": "25786060"
    },
    {
      "rating": {
        "max": 10,
        "average": 6.8,
        "stars": "35",
        "min": 0
      },
      "genres": [
        "奇幻",
        "冒险"
      ],
      "title": "爱丽丝梦游仙境2：镜中奇遇记",
      "casts": [
        {
          "alt": "https://movie.douban.com/celebrity/1054456/",
          "avatars": {
            "small": "http://img3.douban.com/img/celebrity/small/562.jpg",
            "large": "http://img3.douban.com/img/celebrity/large/562.jpg",
            "medium": "http://img3.douban.com/img/celebrity/medium/562.jpg"
          },
          "name": "约翰尼·德普",
          "id": "1054456"
        },
        {
          "alt": "https://movie.douban.com/celebrity/1025135/",
          "avatars": {
            "small": "http://img3.douban.com/img/celebrity/small/26044.jpg",
            "large": "http://img3.douban.com/img/celebrity/large/26044.jpg",
            "medium": "http://img3.douban.com/img/celebrity/medium/26044.jpg"
          },
          "name": "米娅·华希科沃斯卡",
          "id": "1025135"
        },
        {
          "alt": "https://movie.douban.com/celebrity/1048027/",
          "avatars": {
            "small": "http://img3.doubanio.com/img/celebrity/small/10467.jpg",
            "large": "http://img3.doubanio.com/img/celebrity/large/10467.jpg",
            "medium": "http://img3.doubanio.com/img/celebrity/medium/10467.jpg"
          },
          "name": "安妮·海瑟薇",
          "id": "1048027"
        }
      ],
      "collect_count": 33675,
      "original_title": "Alice Through the Looking Glass",
      "subtype": "movie",
      "directors": [
        {
          "alt": "https://movie.douban.com/celebrity/1278859/",
          "avatars": {
            "small": "http://img3.douban.com/img/celebrity/small/36321.jpg",
            "large": "http://img3.douban.com/img/celebrity/large/36321.jpg",
            "medium": "http://img3.douban.com/img/celebrity/medium/36321.jpg"
          },
          "name": "詹姆斯·博宾",
          "id": "1278859"
        }
      ],
      "year": "2016",
      "images": {
        "small": "http://img3.douban.com/view/movie_poster_cover/ipst/public/p2349374680.jpg",
        "large": "http://img3.douban.com/view/movie_poster_cover/lpst/public/p2349374680.jpg",
        "medium": "http://img3.douban.com/view/movie_poster_cover/spst/public/p2349374680.jpg"
      },
      "alt": "https://movie.douban.com/subject/21441132/",
      "id": "21441132"
    },
    {
      "rating": {
        "max": 10,
        "average": 7.2,
        "stars": "35",
        "min": 0
      },
      "genres": [
        "喜剧",
        "动作",
        "动画"
      ],
      "title": "愤怒的小鸟",
      "casts": [
        {
          "alt": "https://movie.douban.com/celebrity/1049521/",
          "avatars": {
            "small": "http://img3.doubanio.com/img/celebrity/small/33797.jpg",
            "large": "http://img3.doubanio.com/img/celebrity/large/33797.jpg",
            "medium": "http://img3.doubanio.com/img/celebrity/medium/33797.jpg"
          },
          "name": "杰森·苏戴奇斯",
          "id": "1049521"
        },
        {
          "alt": "https://movie.douban.com/celebrity/1305235/",
          "avatars": {
            "small": "http://img3.douban.com/img/celebrity/small/38561.jpg",
            "large": "http://img3.douban.com/img/celebrity/large/38561.jpg",
            "medium": "http://img3.douban.com/img/celebrity/medium/38561.jpg"
          },
          "name": "乔什·加德",
          "id": "1305235"
        },
        {
          "alt": "https://movie.douban.com/celebrity/1013797/",
          "avatars": {
            "small": "http://img3.douban.com/img/celebrity/small/28522.jpg",
            "large": "http://img3.douban.com/img/celebrity/large/28522.jpg",
            "medium": "http://img3.douban.com/img/celebrity/medium/28522.jpg"
          },
          "name": "丹尼·麦克布耐德",
          "id": "1013797"
        }
      ],
      "collect_count": 34525,
      "original_title": "The Angry Birds Movie",
      "subtype": "movie",
      "directors": [
        {
          "alt": "https://movie.douban.com/celebrity/1357709/",
          "avatars": {
            "small": "http://img3.doubanio.com/f/movie/ca527386eb8c4e325611e22dfcb04cc116d6b423/pics/movie/celebrity-default-small.png",
            "large": "http://img3.douban.com/f/movie/63acc16ca6309ef191f0378faf793d1096a3e606/pics/movie/celebrity-default-large.png",
            "medium": "http://img3.doubanio.com/f/movie/8dd0c794499fe925ae2ae89ee30cd225750457b4/pics/movie/celebrity-default-medium.png"
          },
          "name": "费格尔·雷利",
          "id": "1357709"
        },
        {
          "alt": "https://movie.douban.com/celebrity/1288264/",
          "avatars": {
            "small": "http://img3.douban.com/img/celebrity/small/1437105433.0.jpg",
            "large": "http://img3.douban.com/img/celebrity/large/1437105433.0.jpg",
            "medium": "http://img3.douban.com/img/celebrity/medium/1437105433.0.jpg"
          },
          "name": "克雷·卡提斯",
          "id": "1288264"
        }
      ],
      "year": "2016",
      "images": {
        "small": "http://img3.douban.com/view/movie_poster_cover/ipst/public/p2352310242.jpg",
        "large": "http://img3.douban.com/view/movie_poster_cover/lpst/public/p2352310242.jpg",
        "medium": "http://img3.douban.com/view/movie_poster_cover/spst/public/p2352310242.jpg"
      },
      "alt": "https://movie.douban.com/subject/6873736/",
      "id": "6873736"
    },
    {
      "rating": {
        "max": 10,
        "average": 7.8,
        "stars": "40",
        "min": 0
      },
      "genres": [
        "动作",
        "科幻",
        "冒险"
      ],
      "title": "美国队长3",
      "casts": [
        {
          "alt": "https://movie.douban.com/celebrity/1017885/",
          "avatars": {
            "small": "http://img3.doubanio.com/img/celebrity/small/1359877729.49.jpg",
            "large": "http://img3.doubanio.com/img/celebrity/large/1359877729.49.jpg",
            "medium": "http://img3.doubanio.com/img/celebrity/medium/1359877729.49.jpg"
          },
          "name": "克里斯·埃文斯",
          "id": "1017885"
        },
        {
          "alt": "https://movie.douban.com/celebrity/1016681/",
          "avatars": {
            "small": "http://img3.doubanio.com/img/celebrity/small/4938.jpg",
            "large": "http://img3.doubanio.com/img/celebrity/large/4938.jpg",
            "medium": "http://img3.doubanio.com/img/celebrity/medium/4938.jpg"
          },
          "name": "小罗伯特·唐尼",
          "id": "1016681"
        },
        {
          "alt": "https://movie.douban.com/celebrity/1054453/",
          "avatars": {
            "small": "http://img3.douban.com/img/celebrity/small/37050.jpg",
            "large": "http://img3.douban.com/img/celebrity/large/37050.jpg",
            "medium": "http://img3.douban.com/img/celebrity/medium/37050.jpg"
          },
          "name": "斯嘉丽·约翰逊",
          "id": "1054453"
        }
      ],
      "collect_count": 157552,
      "original_title": "Captain America: Civil War",
      "subtype": "movie",
      "directors": [
        {
          "alt": "https://movie.douban.com/celebrity/1321812/",
          "avatars": {
            "small": "http://img3.doubanio.com/img/celebrity/small/51466.jpg",
            "large": "http://img3.doubanio.com/img/celebrity/large/51466.jpg",
            "medium": "http://img3.doubanio.com/img/celebrity/medium/51466.jpg"
          },
          "name": "安东尼·罗素",
          "id": "1321812"
        },
        {
          "alt": "https://movie.douban.com/celebrity/1320870/",
          "avatars": {
            "small": "http://img3.douban.com/img/celebrity/small/1462849809.13.jpg",
            "large": "http://img3.douban.com/img/celebrity/large/1462849809.13.jpg",
            "medium": "http://img3.douban.com/img/celebrity/medium/1462849809.13.jpg"
          },
          "name": "乔·罗素",
          "id": "1320870"
        }
      ],
      "year": "2016",
      "images": {
        "small": "http://img3.doubanio.com/view/movie_poster_cover/ipst/public/p2332503406.jpg",
        "large": "http://img3.doubanio.com/view/movie_poster_cover/lpst/public/p2332503406.jpg",
        "medium": "http://img3.doubanio.com/view/movie_poster_cover/spst/public/p2332503406.jpg"
      },
      "alt": "https://movie.douban.com/subject/25820460/",
      "id": "25820460"
    },
    {
      "rating": {
        "max": 10,
        "average": 3.3,
        "stars": "20",
        "min": 0
      },
      "genres": [
        "喜剧",
        "悬疑"
      ],
      "title": "记忆碎片",
      "casts": [
        {
          "alt": "https://movie.douban.com/celebrity/1312940/",
          "avatars": {
            "small": "http://img3.doubanio.com/img/celebrity/small/1454395377.49.jpg",
            "large": "http://img3.doubanio.com/img/celebrity/large/1454395377.49.jpg",
            "medium": "http://img3.doubanio.com/img/celebrity/medium/1454395377.49.jpg"
          },
          "name": "雷佳音",
          "id": "1312940"
        },
        {
          "alt": "https://movie.douban.com/celebrity/1275936/",
          "avatars": {
            "small": "http://img3.douban.com/img/celebrity/small/20904.jpg",
            "large": "http://img3.douban.com/img/celebrity/large/20904.jpg",
            "medium": "http://img3.douban.com/img/celebrity/medium/20904.jpg"
          },
          "name": "夏梓桐",
          "id": "1275936"
        },
        {
          "alt": "https://movie.douban.com/celebrity/1313907/",
          "avatars": {
            "small": "http://img3.doubanio.com/img/celebrity/small/20896.jpg",
            "large": "http://img3.doubanio.com/img/celebrity/large/20896.jpg",
            "medium": "http://img3.doubanio.com/img/celebrity/medium/20896.jpg"
          },
          "name": "李菁",
          "id": "1313907"
        }
      ],
      "collect_count": 435,
      "original_title": "记忆碎片",
      "subtype": "movie",
      "directors": [
        {
          "alt": "https://movie.douban.com/celebrity/1348957/",
          "avatars": {
            "small": "http://img3.douban.com/img/celebrity/small/1460512886.25.jpg",
            "large": "http://img3.douban.com/img/celebrity/large/1460512886.25.jpg",
            "medium": "http://img3.douban.com/img/celebrity/medium/1460512886.25.jpg"
          },
          "name": "朴裕焕",
          "id": "1348957"
        }
      ],
      "year": "2016",
      "images": {
        "small": "http://img3.douban.com/view/movie_poster_cover/ipst/public/p2355447952.jpg",
        "large": "http://img3.douban.com/view/movie_poster_cover/lpst/public/p2355447952.jpg",
        "medium": "http://img3.douban.com/view/movie_poster_cover/spst/public/p2355447952.jpg"
      },
      "alt": "https://movie.douban.com/subject/24826968/",
      "id": "24826968"
    },
    {
      "rating": {
        "max": 10,
        "average": 5.8,
        "stars": "30",
        "min": 0
      },
      "genres": [
        "动作",
        "爱情",
        "科幻"
      ],
      "title": "分歧者3：忠诚世界",
      "casts": [
        {
          "alt": "https://movie.douban.com/celebrity/1040526/",
          "avatars": {
            "small": "http://img3.doubanio.com/img/celebrity/small/42217.jpg",
            "large": "http://img3.doubanio.com/img/celebrity/large/42217.jpg",
            "medium": "http://img3.doubanio.com/img/celebrity/medium/42217.jpg"
          },
          "name": "谢琳·伍德蕾",
          "id": "1040526"
        },
        {
          "alt": "https://movie.douban.com/celebrity/1314251/",
          "avatars": {
            "small": "http://img3.douban.com/img/celebrity/small/44220.jpg",
            "large": "http://img3.douban.com/img/celebrity/large/44220.jpg",
            "medium": "http://img3.douban.com/img/celebrity/medium/44220.jpg"
          },
          "name": "提奥·詹姆斯",
          "id": "1314251"
        },
        {
          "alt": "https://movie.douban.com/celebrity/1006974/",
          "avatars": {
            "small": "http://img3.doubanio.com/img/celebrity/small/52938.jpg",
            "large": "http://img3.doubanio.com/img/celebrity/large/52938.jpg",
            "medium": "http://img3.doubanio.com/img/celebrity/medium/52938.jpg"
          },
          "name": "杰夫·丹尼尔斯",
          "id": "1006974"
        }
      ],
      "collect_count": 9995,
      "original_title": "The Divergent Series: Allegiant",
      "subtype": "movie",
      "directors": [
        {
          "alt": "https://movie.douban.com/celebrity/1297058/",
          "avatars": {
            "small": "http://img3.douban.com/img/celebrity/small/32301.jpg",
            "large": "http://img3.douban.com/img/celebrity/large/32301.jpg",
            "medium": "http://img3.douban.com/img/celebrity/medium/32301.jpg"
          },
          "name": "罗伯特·斯文克 ",
          "id": "1297058"
        }
      ],
      "year": "2016",
      "images": {
        "small": "http://img3.douban.com/view/movie_poster_cover/ipst/public/p2354368180.jpg",
        "large": "http://img3.douban.com/view/movie_poster_cover/lpst/public/p2354368180.jpg",
        "medium": "http://img3.douban.com/view/movie_poster_cover/spst/public/p2354368180.jpg"
      },
      "alt": "https://movie.douban.com/subject/25794302/",
      "id": "25794302"
    },
    {
      "rating": {
        "max": 10,
        "average": 8.1,
        "stars": "40",
        "min": 0
      },
      "genres": [
        "剧情"
      ],
      "title": "百鸟朝凤",
      "casts": [
        {
          "alt": "https://movie.douban.com/celebrity/1039767/",
          "avatars": {
            "small": "http://img3.doubanio.com/img/celebrity/small/6619.jpg",
            "large": "http://img3.doubanio.com/img/celebrity/large/6619.jpg",
            "medium": "http://img3.doubanio.com/img/celebrity/medium/6619.jpg"
          },
          "name": "陶泽如",
          "id": "1039767"
        },
        {
          "alt": "https://movie.douban.com/celebrity/1318702/",
          "avatars": {
            "small": "http://img3.douban.com/img/celebrity/small/1398314807.63.jpg",
            "large": "http://img3.douban.com/img/celebrity/large/1398314807.63.jpg",
            "medium": "http://img3.douban.com/img/celebrity/medium/1398314807.63.jpg"
          },
          "name": "李岷城",
          "id": "1318702"
        },
        {
          "alt": "https://movie.douban.com/celebrity/1323457/",
          "avatars": {
            "small": "http://img3.douban.com/img/celebrity/small/44153.jpg",
            "large": "http://img3.douban.com/img/celebrity/large/44153.jpg",
            "medium": "http://img3.douban.com/img/celebrity/medium/44153.jpg"
          },
          "name": "嵇波",
          "id": "1323457"
        }
      ],
      "collect_count": 53567,
      "original_title": "百鸟朝凤",
      "subtype": "movie",
      "directors": [
        {
          "alt": "https://movie.douban.com/celebrity/1168676/",
          "avatars": {
            "small": "http://img3.doubanio.com/img/celebrity/small/6396.jpg",
            "large": "http://img3.doubanio.com/img/celebrity/large/6396.jpg",
            "medium": "http://img3.doubanio.com/img/celebrity/medium/6396.jpg"
          },
          "name": "吴天明",
          "id": "1168676"
        }
      ],
      "year": "2013",
      "images": {
        "small": "http://img3.douban.com/view/movie_poster_cover/ipst/public/p2332714135.jpg",
        "large": "http://img3.douban.com/view/movie_poster_cover/lpst/public/p2332714135.jpg",
        "medium": "http://img3.douban.com/view/movie_poster_cover/spst/public/p2332714135.jpg"
      },
      "alt": "https://movie.douban.com/subject/10831445/",
      "id": "10831445"
    },
    {
      "rating": {
        "max": 10,
        "average": 6.7,
        "stars": "35",
        "min": 0
      },
      "genres": [
        "喜剧",
        "爱情"
      ],
      "title": "北京遇上西雅图之不二情书",
      "casts": [
        {
          "alt": "https://movie.douban.com/celebrity/1025141/",
          "avatars": {
            "small": "http://img3.douban.com/img/celebrity/small/6470.jpg",
            "large": "http://img3.douban.com/img/celebrity/large/6470.jpg",
            "medium": "http://img3.douban.com/img/celebrity/medium/6470.jpg"
          },
          "name": "汤唯",
          "id": "1025141"
        },
        {
          "alt": "https://movie.douban.com/celebrity/1275317/",
          "avatars": {
            "small": "http://img3.doubanio.com/img/celebrity/small/1363935047.49.jpg",
            "large": "http://img3.doubanio.com/img/celebrity/large/1363935047.49.jpg",
            "medium": "http://img3.doubanio.com/img/celebrity/medium/1363935047.49.jpg"
          },
          "name": "吴秀波",
          "id": "1275317"
        },
        {
          "alt": "https://movie.douban.com/celebrity/1016847/",
          "avatars": {
            "small": "http://img3.doubanio.com/img/celebrity/small/1352363438.56.jpg",
            "large": "http://img3.doubanio.com/img/celebrity/large/1352363438.56.jpg",
            "medium": "http://img3.doubanio.com/img/celebrity/medium/1352363438.56.jpg"
          },
          "name": "惠英红",
          "id": "1016847"
        }
      ],
      "collect_count": 87786,
      "original_title": "北京遇上西雅图之不二情书",
      "subtype": "movie",
      "directors": [
        {
          "alt": "https://movie.douban.com/celebrity/1275139/",
          "avatars": {
            "small": "http://img3.douban.com/img/celebrity/small/1367827663.92.jpg",
            "large": "http://img3.douban.com/img/celebrity/large/1367827663.92.jpg",
            "medium": "http://img3.douban.com/img/celebrity/medium/1367827663.92.jpg"
          },
          "name": "薛晓路",
          "id": "1275139"
        }
      ],
      "year": "2016",
      "images": {
        "small": "http://img3.doubanio.com/view/movie_poster_cover/ipst/public/p2336879398.jpg",
        "large": "http://img3.doubanio.com/view/movie_poster_cover/lpst/public/p2336879398.jpg",
        "medium": "http://img3.doubanio.com/view/movie_poster_cover/spst/public/p2336879398.jpg"
      },
      "alt": "https://movie.douban.com/subject/26322792/",
      "id": "26322792"
    },
    {
      "rating": {
        "max": 10,
        "average": 3.2,
        "stars": "15",
        "min": 0
      },
      "genres": [
        "惊悚",
        "恐怖"
      ],
      "title": "死亡游戏",
      "casts": [
        {
          "alt": "https://movie.douban.com/celebrity/1315812/",
          "avatars": {
            "small": "http://img3.douban.com/img/celebrity/small/39261.jpg",
            "large": "http://img3.douban.com/img/celebrity/large/39261.jpg",
            "medium": "http://img3.douban.com/img/celebrity/medium/39261.jpg"
          },
          "name": "徐洁儿",
          "id": "1315812"
        },
        {
          "alt": "https://movie.douban.com/celebrity/1355808/",
          "avatars": {
            "small": "http://img3.douban.com/img/celebrity/small/1458473175.2.jpg",
            "large": "http://img3.douban.com/img/celebrity/large/1458473175.2.jpg",
            "medium": "http://img3.douban.com/img/celebrity/medium/1458473175.2.jpg"
          },
          "name": "陈欢",
          "id": "1355808"
        },
        {
          "alt": "https://movie.douban.com/celebrity/1326774/",
          "avatars": {
            "small": "http://img3.douban.com/img/celebrity/small/m08Y7Jo4mokcel_avatar_uploaded1360772773.34.jpg",
            "large": "http://img3.douban.com/img/celebrity/large/m08Y7Jo4mokcel_avatar_uploaded1360772773.34.jpg",
            "medium": "http://img3.douban.com/img/celebrity/medium/m08Y7Jo4mokcel_avatar_uploaded1360772773.34.jpg"
          },
          "name": "陈炳强",
          "id": "1326774"
        }
      ],
      "collect_count": 77,
      "original_title": "死亡游戏",
      "subtype": "movie",
      "directors": [
        {
          "alt": "https://movie.douban.com/celebrity/1339982/",
          "avatars": {
            "small": "http://img3.douban.com/img/celebrity/small/9SMMdQAZ4Eccel_avatar_uploaded1398679363.32.jpg",
            "large": "http://img3.douban.com/img/celebrity/large/9SMMdQAZ4Eccel_avatar_uploaded1398679363.32.jpg",
            "medium": "http://img3.douban.com/img/celebrity/medium/9SMMdQAZ4Eccel_avatar_uploaded1398679363.32.jpg"
          },
          "name": "麦子",
          "id": "1339982"
        }
      ],
      "year": "2016",
      "images": {
        "small": "http://img3.doubanio.com/view/movie_poster_cover/ipst/public/p2355446927.jpg",
        "large": "http://img3.doubanio.com/view/movie_poster_cover/lpst/public/p2355446927.jpg",
        "medium": "http://img3.doubanio.com/view/movie_poster_cover/spst/public/p2355446927.jpg"
      },
      "alt": "https://movie.douban.com/subject/26756911/",
      "id": "26756911"
    },
    {
      "rating": {
        "max": 10,
        "average": 2.8,
        "stars": "15",
        "min": 0
      },
      "genres": [
        "动画",
        "奇幻"
      ],
      "title": "斗龙战士之星印罗盘",
      "casts": [],
      "collect_count": 82,
      "original_title": "斗龙战士之星印罗盘",
      "subtype": "movie",
      "directors": [
        {
          "alt": "https://movie.douban.com/celebrity/1358638/",
          "avatars": {
            "small": "http://img3.doubanio.com/f/movie/ca527386eb8c4e325611e22dfcb04cc116d6b423/pics/movie/celebrity-default-small.png",
            "large": "http://img3.douban.com/f/movie/63acc16ca6309ef191f0378faf793d1096a3e606/pics/movie/celebrity-default-large.png",
            "medium": "http://img3.doubanio.com/f/movie/8dd0c794499fe925ae2ae89ee30cd225750457b4/pics/movie/celebrity-default-medium.png"
          },
          "name": "黎东泰",
          "id": "1358638"
        }
      ],
      "year": "2016",
      "images": {
        "small": "http://img3.doubanio.com/view/movie_poster_cover/ipst/public/p2354707516.jpg",
        "large": "http://img3.doubanio.com/view/movie_poster_cover/lpst/public/p2354707516.jpg",
        "medium": "http://img3.doubanio.com/view/movie_poster_cover/spst/public/p2354707516.jpg"
      },
      "alt": "https://movie.douban.com/subject/26796681/",
      "id": "26796681"
    },
    {
      "rating": {
        "max": 10,
        "average": 2.9,
        "stars": "15",
        "min": 0
      },
      "genres": [
        "喜剧",
        "动画"
      ],
      "title": "水果宝贝之水果总动员",
      "casts": [
        {
          "alt": "https://movie.douban.com/celebrity/1316493/",
          "avatars": {
            "small": "http://img3.doubanio.com/img/celebrity/small/36586.jpg",
            "large": "http://img3.doubanio.com/img/celebrity/large/36586.jpg",
            "medium": "http://img3.doubanio.com/img/celebrity/medium/36586.jpg"
          },
          "name": "祖晴",
          "id": "1316493"
        },
        {
          "alt": "https://movie.douban.com/celebrity/1355720/",
          "avatars": {
            "small": "http://img3.doubanio.com/f/movie/ca527386eb8c4e325611e22dfcb04cc116d6b423/pics/movie/celebrity-default-small.png",
            "large": "http://img3.douban.com/f/movie/63acc16ca6309ef191f0378faf793d1096a3e606/pics/movie/celebrity-default-large.png",
            "medium": "http://img3.doubanio.com/f/movie/8dd0c794499fe925ae2ae89ee30cd225750457b4/pics/movie/celebrity-default-medium.png"
          },
          "name": "明婧",
          "id": "1355720"
        },
        {
          "alt": "https://movie.douban.com/celebrity/1355721/",
          "avatars": {
            "small": "http://img3.doubanio.com/f/movie/ca527386eb8c4e325611e22dfcb04cc116d6b423/pics/movie/celebrity-default-small.png",
            "large": "http://img3.douban.com/f/movie/63acc16ca6309ef191f0378faf793d1096a3e606/pics/movie/celebrity-default-large.png",
            "medium": "http://img3.doubanio.com/f/movie/8dd0c794499fe925ae2ae89ee30cd225750457b4/pics/movie/celebrity-default-medium.png"
          },
          "name": "小玉",
          "id": "1355721"
        }
      ],
      "collect_count": 78,
      "original_title": "水果宝贝之水果总动员",
      "subtype": "movie",
      "directors": [
        {
          "alt": "https://movie.douban.com/celebrity/1318062/",
          "avatars": {
            "small": "http://img3.doubanio.com/f/movie/ca527386eb8c4e325611e22dfcb04cc116d6b423/pics/movie/celebrity-default-small.png",
            "large": "http://img3.douban.com/f/movie/63acc16ca6309ef191f0378faf793d1096a3e606/pics/movie/celebrity-default-large.png",
            "medium": "http://img3.doubanio.com/f/movie/8dd0c794499fe925ae2ae89ee30cd225750457b4/pics/movie/celebrity-default-medium.png"
          },
          "name": "杨劲松",
          "id": "1318062"
        },
        {
          "alt": "https://movie.douban.com/celebrity/1347857/",
          "avatars": {
            "small": "http://img3.doubanio.com/f/movie/ca527386eb8c4e325611e22dfcb04cc116d6b423/pics/movie/celebrity-default-small.png",
            "large": "http://img3.douban.com/f/movie/63acc16ca6309ef191f0378faf793d1096a3e606/pics/movie/celebrity-default-large.png",
            "medium": "http://img3.doubanio.com/f/movie/8dd0c794499fe925ae2ae89ee30cd225750457b4/pics/movie/celebrity-default-medium.png"
          },
          "name": "梁董龙",
          "id": "1347857"
        },
        {
          "alt": "https://movie.douban.com/celebrity/1355716/",
          "avatars": {
            "small": "http://img3.doubanio.com/f/movie/ca527386eb8c4e325611e22dfcb04cc116d6b423/pics/movie/celebrity-default-small.png",
            "large": "http://img3.douban.com/f/movie/63acc16ca6309ef191f0378faf793d1096a3e606/pics/movie/celebrity-default-large.png",
            "medium": "http://img3.doubanio.com/f/movie/8dd0c794499fe925ae2ae89ee30cd225750457b4/pics/movie/celebrity-default-medium.png"
          },
          "name": "刘平劼",
          "id": "1355716"
        },
        {
          "alt": "https://movie.douban.com/celebrity/1355717/",
          "avatars": {
            "small": "http://img3.doubanio.com/f/movie/ca527386eb8c4e325611e22dfcb04cc116d6b423/pics/movie/celebrity-default-small.png",
            "large": "http://img3.douban.com/f/movie/63acc16ca6309ef191f0378faf793d1096a3e606/pics/movie/celebrity-default-large.png",
            "medium": "http://img3.doubanio.com/f/movie/8dd0c794499fe925ae2ae89ee30cd225750457b4/pics/movie/celebrity-default-medium.png"
          },
          "name": "陆伟",
          "id": "1355717"
        }
      ],
      "year": "2016",
      "images": {
        "small": "http://img3.douban.com/view/movie_poster_cover/ipst/public/p2355856200.jpg",
        "large": "http://img3.douban.com/view/movie_poster_cover/lpst/public/p2355856200.jpg",
        "medium": "http://img3.douban.com/view/movie_poster_cover/spst/public/p2355856200.jpg"
      },
      "alt": "https://movie.douban.com/subject/26613359/",
      "id": "26613359"
    },
    {
      "rating": {
        "max": 10,
        "average": 6.5,
        "stars": "35",
        "min": 0
      },
      "genres": [
        "剧情",
        "动作",
        "犯罪"
      ],
      "title": "超脑48小时",
      "casts": [
        {
          "alt": "https://movie.douban.com/celebrity/1016671/",
          "avatars": {
            "small": "http://img3.douban.com/img/celebrity/small/34511.jpg",
            "large": "http://img3.douban.com/img/celebrity/large/34511.jpg",
            "medium": "http://img3.douban.com/img/celebrity/medium/34511.jpg"
          },
          "name": "凯文·科斯特纳",
          "id": "1016671"
        },
        {
          "alt": "https://movie.douban.com/celebrity/1010507/",
          "avatars": {
            "small": "http://img3.douban.com/img/celebrity/small/104.jpg",
            "large": "http://img3.douban.com/img/celebrity/large/104.jpg",
            "medium": "http://img3.douban.com/img/celebrity/medium/104.jpg"
          },
          "name": "加里·奥德曼",
          "id": "1010507"
        },
        {
          "alt": "https://movie.douban.com/celebrity/1047994/",
          "avatars": {
            "small": "http://img3.doubanio.com/img/celebrity/small/259.jpg",
            "large": "http://img3.doubanio.com/img/celebrity/large/259.jpg",
            "medium": "http://img3.doubanio.com/img/celebrity/medium/259.jpg"
          },
          "name": "汤米·李·琼斯",
          "id": "1047994"
        }
      ],
      "collect_count": 13552,
      "original_title": "Criminal",
      "subtype": "movie",
      "directors": [
        {
          "alt": "https://movie.douban.com/celebrity/1005450/",
          "avatars": {
            "small": "http://img3.douban.com/img/celebrity/small/1414909801.53.jpg",
            "large": "http://img3.douban.com/img/celebrity/large/1414909801.53.jpg",
            "medium": "http://img3.douban.com/img/celebrity/medium/1414909801.53.jpg"
          },
          "name": "阿里尔·弗罗门",
          "id": "1005450"
        }
      ],
      "year": "2016",
      "images": {
        "small": "http://img3.douban.com/view/movie_poster_cover/ipst/public/p2351313845.jpg",
        "large": "http://img3.douban.com/view/movie_poster_cover/lpst/public/p2351313845.jpg",
        "medium": "http://img3.douban.com/view/movie_poster_cover/spst/public/p2351313845.jpg"
      },
      "alt": "https://movie.douban.com/subject/25944714/",
      "id": "25944714"
    },
    {
      "rating": {
        "max": 10,
        "average": 2.7,
        "stars": "15",
        "min": 0
      },
      "genres": [
        "动画"
      ],
      "title": "动植物大战",
      "casts": [
        {
          "alt": "https://movie.douban.com/celebrity/1358634/",
          "avatars": {
            "small": "http://img3.doubanio.com/f/movie/ca527386eb8c4e325611e22dfcb04cc116d6b423/pics/movie/celebrity-default-small.png",
            "large": "http://img3.douban.com/f/movie/63acc16ca6309ef191f0378faf793d1096a3e606/pics/movie/celebrity-default-large.png",
            "medium": "http://img3.doubanio.com/f/movie/8dd0c794499fe925ae2ae89ee30cd225750457b4/pics/movie/celebrity-default-medium.png"
          },
          "name": "苏子芜",
          "id": "1358634"
        },
        {
          "alt": "https://movie.douban.com/celebrity/1331866/",
          "avatars": {
            "small": "http://img3.doubanio.com/f/movie/ca527386eb8c4e325611e22dfcb04cc116d6b423/pics/movie/celebrity-default-small.png",
            "large": "http://img3.douban.com/f/movie/63acc16ca6309ef191f0378faf793d1096a3e606/pics/movie/celebrity-default-large.png",
            "medium": "http://img3.doubanio.com/f/movie/8dd0c794499fe925ae2ae89ee30cd225750457b4/pics/movie/celebrity-default-medium.png"
          },
          "name": "江月",
          "id": "1331866"
        },
        {
          "alt": "https://movie.douban.com/celebrity/1340250/",
          "avatars": {
            "small": "http://img3.doubanio.com/f/movie/ca527386eb8c4e325611e22dfcb04cc116d6b423/pics/movie/celebrity-default-small.png",
            "large": "http://img3.douban.com/f/movie/63acc16ca6309ef191f0378faf793d1096a3e606/pics/movie/celebrity-default-large.png",
            "medium": "http://img3.doubanio.com/f/movie/8dd0c794499fe925ae2ae89ee30cd225750457b4/pics/movie/celebrity-default-medium.png"
          },
          "name": "苏俣",
          "id": "1340250"
        }
      ],
      "collect_count": 66,
      "original_title": "动植物大战",
      "subtype": "movie",
      "directors": [
        {
          "alt": "https://movie.douban.com/celebrity/1358632/",
          "avatars": {
            "small": "http://img3.doubanio.com/f/movie/ca527386eb8c4e325611e22dfcb04cc116d6b423/pics/movie/celebrity-default-small.png",
            "large": "http://img3.douban.com/f/movie/63acc16ca6309ef191f0378faf793d1096a3e606/pics/movie/celebrity-default-large.png",
            "medium": "http://img3.doubanio.com/f/movie/8dd0c794499fe925ae2ae89ee30cd225750457b4/pics/movie/celebrity-default-medium.png"
          },
          "name": "范文彬",
          "id": "1358632"
        }
      ],
      "year": "2016",
      "images": {
        "small": "http://img3.doubanio.com/view/movie_poster_cover/ipst/public/p2355521226.jpg",
        "large": "http://img3.doubanio.com/view/movie_poster_cover/lpst/public/p2355521226.jpg",
        "medium": "http://img3.doubanio.com/view/movie_poster_cover/spst/public/p2355521226.jpg"
      },
      "alt": "https://movie.douban.com/subject/26801581/",
      "id": "26801581"
    },
    {
      "rating": {
        "max": 10,
        "average": 5.1,
        "stars": "25",
        "min": 0
      },
      "genres": [
        "动画",
        "奇幻",
        "冒险"
      ],
      "title": "糖果世界大冒险",
      "casts": [
        {
          "alt": "https://movie.douban.com/celebrity/1328708/",
          "avatars": {
            "small": "http://img3.douban.com/img/celebrity/small/1369202922.04.jpg",
            "large": "http://img3.douban.com/img/celebrity/large/1369202922.04.jpg",
            "medium": "http://img3.douban.com/img/celebrity/medium/1369202922.04.jpg"
          },
          "name": "黄莺",
          "id": "1328708"
        },
        {
          "alt": "https://movie.douban.com/celebrity/1325719/",
          "avatars": {
            "small": "http://img3.doubanio.com/f/movie/ca527386eb8c4e325611e22dfcb04cc116d6b423/pics/movie/celebrity-default-small.png",
            "large": "http://img3.douban.com/f/movie/63acc16ca6309ef191f0378faf793d1096a3e606/pics/movie/celebrity-default-large.png",
            "medium": "http://img3.doubanio.com/f/movie/8dd0c794499fe925ae2ae89ee30cd225750457b4/pics/movie/celebrity-default-medium.png"
          },
          "name": "李正翔",
          "id": "1325719"
        },
        {
          "alt": "https://movie.douban.com/celebrity/1325717/",
          "avatars": {
            "small": "http://img3.doubanio.com/f/movie/ca527386eb8c4e325611e22dfcb04cc116d6b423/pics/movie/celebrity-default-small.png",
            "large": "http://img3.douban.com/f/movie/63acc16ca6309ef191f0378faf793d1096a3e606/pics/movie/celebrity-default-large.png",
            "medium": "http://img3.doubanio.com/f/movie/8dd0c794499fe925ae2ae89ee30cd225750457b4/pics/movie/celebrity-default-medium.png"
          },
          "name": "张欣",
          "id": "1325717"
        }
      ],
      "collect_count": 246,
      "original_title": "糖果世界大冒险",
      "subtype": "movie",
      "directors": [
        {
          "alt": "https://movie.douban.com/celebrity/1314710/",
          "avatars": {
            "small": "http://img3.douban.com/img/celebrity/small/26125.jpg",
            "large": "http://img3.douban.com/img/celebrity/large/26125.jpg",
            "medium": "http://img3.douban.com/img/celebrity/medium/26125.jpg"
          },
          "name": "(小)徐克",
          "id": "1314710"
        }
      ],
      "year": "2015",
      "images": {
        "small": "http://img3.douban.com/view/movie_poster_cover/ipst/public/p2353673514.jpg",
        "large": "http://img3.douban.com/view/movie_poster_cover/lpst/public/p2353673514.jpg",
        "medium": "http://img3.douban.com/view/movie_poster_cover/spst/public/p2353673514.jpg"
      },
      "alt": "https://movie.douban.com/subject/25858763/",
      "id": "25858763"
    },
    {
      "rating": {
        "max": 10,
        "average": 3.5,
        "stars": "20",
        "min": 0
      },
      "genres": [
        "悬疑",
        "惊悚",
        "恐怖"
      ],
      "title": "妖医",
      "casts": [
        {
          "alt": "https://movie.douban.com/celebrity/1335928/",
          "avatars": {
            "small": "http://img3.douban.com/img/celebrity/small/1458711311.45.jpg",
            "large": "http://img3.douban.com/img/celebrity/large/1458711311.45.jpg",
            "medium": "http://img3.douban.com/img/celebrity/medium/1458711311.45.jpg"
          },
          "name": "宝儿",
          "id": "1335928"
        },
        {
          "alt": "https://movie.douban.com/celebrity/1033280/",
          "avatars": {
            "small": "http://img3.douban.com/img/celebrity/small/3285.jpg",
            "large": "http://img3.douban.com/img/celebrity/large/3285.jpg",
            "medium": "http://img3.douban.com/img/celebrity/medium/3285.jpg"
          },
          "name": "谭耀文",
          "id": "1033280"
        },
        {
          "alt": "https://movie.douban.com/celebrity/1274390/",
          "avatars": {
            "small": "http://img3.doubanio.com/img/celebrity/small/33149.jpg",
            "large": "http://img3.doubanio.com/img/celebrity/large/33149.jpg",
            "medium": "http://img3.doubanio.com/img/celebrity/medium/33149.jpg"
          },
          "name": "吕聿来",
          "id": "1274390"
        }
      ],
      "collect_count": 314,
      "original_title": "妖医",
      "subtype": "movie",
      "directors": [
        {
          "alt": "https://movie.douban.com/celebrity/1320370/",
          "avatars": {
            "small": "http://img3.douban.com/img/celebrity/small/49103.jpg",
            "large": "http://img3.douban.com/img/celebrity/large/49103.jpg",
            "medium": "http://img3.douban.com/img/celebrity/medium/49103.jpg"
          },
          "name": "吴宗强",
          "id": "1320370"
        }
      ],
      "year": "2016",
      "images": {
        "small": "http://img3.douban.com/view/movie_poster_cover/ipst/public/p2349275505.jpg",
        "large": "http://img3.douban.com/view/movie_poster_cover/lpst/public/p2349275505.jpg",
        "medium": "http://img3.douban.com/view/movie_poster_cover/spst/public/p2349275505.jpg"
      },
      "alt": "https://movie.douban.com/subject/25886441/",
      "id": "25886441"
    },
    {
      "rating": {
        "max": 10,
        "average": 5.4,
        "stars": "30",
        "min": 0
      },
      "genres": [
        "剧情",
        "爱情"
      ],
      "title": "夜孔雀",
      "casts": [
        {
          "alt": "https://movie.douban.com/celebrity/1049732/",
          "avatars": {
            "small": "http://img3.douban.com/img/celebrity/small/38640.jpg",
            "large": "http://img3.douban.com/img/celebrity/large/38640.jpg",
            "medium": "http://img3.douban.com/img/celebrity/medium/38640.jpg"
          },
          "name": "刘亦菲",
          "id": "1049732"
        },
        {
          "alt": "https://movie.douban.com/celebrity/1000572/",
          "avatars": {
            "small": "http://img3.douban.com/img/celebrity/small/43.jpg",
            "large": "http://img3.douban.com/img/celebrity/large/43.jpg",
            "medium": "http://img3.douban.com/img/celebrity/medium/43.jpg"
          },
          "name": "刘烨",
          "id": "1000572"
        },
        {
          "alt": "https://movie.douban.com/celebrity/1275100/",
          "avatars": {
            "small": "http://img3.doubanio.com/img/celebrity/small/22866.jpg",
            "large": "http://img3.doubanio.com/img/celebrity/large/22866.jpg",
            "medium": "http://img3.doubanio.com/img/celebrity/medium/22866.jpg"
          },
          "name": "余少群",
          "id": "1275100"
        }
      ],
      "collect_count": 11257,
      "original_title": "夜孔雀",
      "subtype": "movie",
      "directors": [
        {
          "alt": "https://movie.douban.com/celebrity/1033214/",
          "avatars": {
            "small": "http://img3.douban.com/img/celebrity/small/13574.jpg",
            "large": "http://img3.douban.com/img/celebrity/large/13574.jpg",
            "medium": "http://img3.douban.com/img/celebrity/medium/13574.jpg"
          },
          "name": "戴思杰",
          "id": "1033214"
        }
      ],
      "year": "2015",
      "images": {
        "small": "http://img3.douban.com/view/movie_poster_cover/ipst/public/p2350515472.jpg",
        "large": "http://img3.douban.com/view/movie_poster_cover/lpst/public/p2350515472.jpg",
        "medium": "http://img3.douban.com/view/movie_poster_cover/spst/public/p2350515472.jpg"
      },
      "alt": "https://movie.douban.com/subject/24743728/",
      "id": "24743728"
    },
    {
      "rating": {
        "max": 10,
        "average": 3.6,
        "stars": "20",
        "min": 0
      },
      "genres": [
        "剧情",
        "悬疑"
      ],
      "title": "蜜月酒店杀人事件",
      "casts": [
        {
          "alt": "https://movie.douban.com/celebrity/1016668/",
          "avatars": {
            "small": "http://img3.doubanio.com/img/celebrity/small/2617.jpg",
            "large": "http://img3.doubanio.com/img/celebrity/large/2617.jpg",
            "medium": "http://img3.doubanio.com/img/celebrity/medium/2617.jpg"
          },
          "name": "张静初",
          "id": "1016668"
        },
        {
          "alt": "https://movie.douban.com/celebrity/1050590/",
          "avatars": {
            "small": "http://img3.douban.com/img/celebrity/small/3030.jpg",
            "large": "http://img3.douban.com/img/celebrity/large/3030.jpg",
            "medium": "http://img3.douban.com/img/celebrity/medium/3030.jpg"
          },
          "name": "何润东",
          "id": "1050590"
        },
        {
          "alt": "https://movie.douban.com/celebrity/1042479/",
          "avatars": {
            "small": "http://img3.douban.com/img/celebrity/small/44522.jpg",
            "large": "http://img3.douban.com/img/celebrity/large/44522.jpg",
            "medium": "http://img3.douban.com/img/celebrity/medium/44522.jpg"
          },
          "name": "金英民",
          "id": "1042479"
        }
      ],
      "collect_count": 749,
      "original_title": "蜜月酒店杀人事件",
      "subtype": "movie",
      "directors": [
        {
          "alt": "https://movie.douban.com/celebrity/1314694/",
          "avatars": {
            "small": "http://img3.doubanio.com/img/celebrity/small/48047.jpg",
            "large": "http://img3.doubanio.com/img/celebrity/large/48047.jpg",
            "medium": "http://img3.doubanio.com/img/celebrity/medium/48047.jpg"
          },
          "name": "千丙哲",
          "id": "1314694"
        }
      ],
      "year": "2016",
      "images": {
        "small": "http://img3.doubanio.com/view/movie_poster_cover/ipst/public/p2346589849.jpg",
        "large": "http://img3.doubanio.com/view/movie_poster_cover/lpst/public/p2346589849.jpg",
        "medium": "http://img3.doubanio.com/view/movie_poster_cover/spst/public/p2346589849.jpg"
      },
      "alt": "https://movie.douban.com/subject/25852314/",
      "id": "25852314"
    },
    {
      "rating": {
        "max": 10,
        "average": 3.4,
        "stars": "20",
        "min": 0
      },
      "genres": [
        "悬疑",
        "惊悚"
      ],
      "title": "整形师·脸",
      "casts": [
        {
          "alt": "https://movie.douban.com/celebrity/1308904/",
          "avatars": {
            "small": "http://img3.douban.com/img/celebrity/small/55863.jpg",
            "large": "http://img3.douban.com/img/celebrity/large/55863.jpg",
            "medium": "http://img3.douban.com/img/celebrity/medium/55863.jpg"
          },
          "name": "浦蒲",
          "id": "1308904"
        },
        {
          "alt": "https://movie.douban.com/celebrity/1324097/",
          "avatars": {
            "small": "http://img3.doubanio.com/f/movie/ca527386eb8c4e325611e22dfcb04cc116d6b423/pics/movie/celebrity-default-small.png",
            "large": "http://img3.douban.com/f/movie/63acc16ca6309ef191f0378faf793d1096a3e606/pics/movie/celebrity-default-large.png",
            "medium": "http://img3.doubanio.com/f/movie/8dd0c794499fe925ae2ae89ee30cd225750457b4/pics/movie/celebrity-default-medium.png"
          },
          "name": "李雯雯",
          "id": "1324097"
        },
        {
          "alt": "https://movie.douban.com/celebrity/1316977/",
          "avatars": {
            "small": "http://img3.doubanio.com/img/celebrity/small/1356105721.66.jpg",
            "large": "http://img3.doubanio.com/img/celebrity/large/1356105721.66.jpg",
            "medium": "http://img3.doubanio.com/img/celebrity/medium/1356105721.66.jpg"
          },
          "name": "方慧",
          "id": "1316977"
        }
      ],
      "collect_count": 175,
      "original_title": "整形师·脸",
      "subtype": "movie",
      "directors": [
        {
          "alt": "https://movie.douban.com/celebrity/1320030/",
          "avatars": {
            "small": "http://img3.douban.com/img/celebrity/small/1358924731.83.jpg",
            "large": "http://img3.douban.com/img/celebrity/large/1358924731.83.jpg",
            "medium": "http://img3.douban.com/img/celebrity/medium/1358924731.83.jpg"
          },
          "name": "黄军",
          "id": "1320030"
        }
      ],
      "year": "2014",
      "images": {
        "small": "http://img3.doubanio.com/view/movie_poster_cover/ipst/public/p2342386326.jpg",
        "large": "http://img3.doubanio.com/view/movie_poster_cover/lpst/public/p2342386326.jpg",
        "medium": "http://img3.doubanio.com/view/movie_poster_cover/spst/public/p2342386326.jpg"
      },
      "alt": "https://movie.douban.com/subject/25853051/",
      "id": "25853051"
    },
    {
      "rating": {
        "max": 10,
        "average": 6.1,
        "stars": "30",
        "min": 0
      },
      "genres": [
        "剧情"
      ],
      "title": "山那边有匹马",
      "casts": [
        {
          "alt": "https://movie.douban.com/celebrity/1276144/",
          "avatars": {
            "small": "http://img3.doubanio.com/img/celebrity/small/1414140564.58.jpg",
            "large": "http://img3.doubanio.com/img/celebrity/large/1414140564.58.jpg",
            "medium": "http://img3.doubanio.com/img/celebrity/medium/1414140564.58.jpg"
          },
          "name": "黄璐",
          "id": "1276144"
        },
        {
          "alt": "https://movie.douban.com/celebrity/1358184/",
          "avatars": {
            "small": "http://img3.doubanio.com/f/movie/ca527386eb8c4e325611e22dfcb04cc116d6b423/pics/movie/celebrity-default-small.png",
            "large": "http://img3.douban.com/f/movie/63acc16ca6309ef191f0378faf793d1096a3e606/pics/movie/celebrity-default-large.png",
            "medium": "http://img3.doubanio.com/f/movie/8dd0c794499fe925ae2ae89ee30cd225750457b4/pics/movie/celebrity-default-medium.png"
          },
          "name": "韦再忠",
          "id": "1358184"
        }
      ],
      "collect_count": 156,
      "original_title": "山那边有匹马",
      "subtype": "movie",
      "directors": [
        {
          "alt": "https://movie.douban.com/celebrity/1323637/",
          "avatars": {
            "small": "http://img3.doubanio.com/f/movie/ca527386eb8c4e325611e22dfcb04cc116d6b423/pics/movie/celebrity-default-small.png",
            "large": "http://img3.douban.com/f/movie/63acc16ca6309ef191f0378faf793d1096a3e606/pics/movie/celebrity-default-large.png",
            "medium": "http://img3.doubanio.com/f/movie/8dd0c794499fe925ae2ae89ee30cd225750457b4/pics/movie/celebrity-default-medium.png"
          },
          "name": "白海滨",
          "id": "1323637"
        }
      ],
      "year": "2015",
      "images": {
        "small": "http://img3.doubanio.com/view/movie_poster_cover/ipst/public/p2352359269.jpg",
        "large": "http://img3.doubanio.com/view/movie_poster_cover/lpst/public/p2352359269.jpg",
        "medium": "http://img3.doubanio.com/view/movie_poster_cover/spst/public/p2352359269.jpg"
      },
      "alt": "https://movie.douban.com/subject/25980222/",
      "id": "25980222"
    },
    {
      "rating": {
        "max": 10,
        "average": 4.1,
        "stars": "20",
        "min": 0
      },
      "genres": [
        "喜剧",
        "动画",
        "冒险"
      ],
      "title": "小蚂蚁之环球大冒险",
      "casts": [
        {
          "alt": "https://movie.douban.com/celebrity/1357437/",
          "avatars": {
            "small": "http://img3.doubanio.com/f/movie/ca527386eb8c4e325611e22dfcb04cc116d6b423/pics/movie/celebrity-default-small.png",
            "large": "http://img3.douban.com/f/movie/63acc16ca6309ef191f0378faf793d1096a3e606/pics/movie/celebrity-default-large.png",
            "medium": "http://img3.doubanio.com/f/movie/8dd0c794499fe925ae2ae89ee30cd225750457b4/pics/movie/celebrity-default-medium.png"
          },
          "name": "胡严彦",
          "id": "1357437"
        },
        {
          "alt": "https://movie.douban.com/celebrity/1338297/",
          "avatars": {
            "small": "http://img3.doubanio.com/f/movie/ca527386eb8c4e325611e22dfcb04cc116d6b423/pics/movie/celebrity-default-small.png",
            "large": "http://img3.douban.com/f/movie/63acc16ca6309ef191f0378faf793d1096a3e606/pics/movie/celebrity-default-large.png",
            "medium": "http://img3.doubanio.com/f/movie/8dd0c794499fe925ae2ae89ee30cd225750457b4/pics/movie/celebrity-default-medium.png"
          },
          "name": "刘沛",
          "id": "1338297"
        },
        {
          "alt": "https://movie.douban.com/celebrity/1355722/",
          "avatars": {
            "small": "http://img3.doubanio.com/f/movie/ca527386eb8c4e325611e22dfcb04cc116d6b423/pics/movie/celebrity-default-small.png",
            "large": "http://img3.douban.com/f/movie/63acc16ca6309ef191f0378faf793d1096a3e606/pics/movie/celebrity-default-large.png",
            "medium": "http://img3.doubanio.com/f/movie/8dd0c794499fe925ae2ae89ee30cd225750457b4/pics/movie/celebrity-default-medium.png"
          },
          "name": "李晶",
          "id": "1355722"
        }
      ],
      "collect_count": 93,
      "original_title": "小蚂蚁之环球大冒险",
      "subtype": "movie",
      "directors": [
        {
          "alt": "https://movie.douban.com/celebrity/1357426/",
          "avatars": {
            "small": "http://img3.douban.com/img/celebrity/small/1463725584.21.jpg",
            "large": "http://img3.douban.com/img/celebrity/large/1463725584.21.jpg",
            "medium": "http://img3.douban.com/img/celebrity/medium/1463725584.21.jpg"
          },
          "name": "孟文龙",
          "id": "1357426"
        },
        {
          "alt": "https://movie.douban.com/celebrity/1357427/",
          "avatars": {
            "small": "http://img3.douban.com/img/celebrity/small/1463725542.35.jpg",
            "large": "http://img3.douban.com/img/celebrity/large/1463725542.35.jpg",
            "medium": "http://img3.douban.com/img/celebrity/medium/1463725542.35.jpg"
          },
          "name": "管霄超",
          "id": "1357427"
        },
        {
          "alt": "https://movie.douban.com/celebrity/1357428/",
          "avatars": {
            "small": "http://img3.doubanio.com/f/movie/ca527386eb8c4e325611e22dfcb04cc116d6b423/pics/movie/celebrity-default-small.png",
            "large": "http://img3.douban.com/f/movie/63acc16ca6309ef191f0378faf793d1096a3e606/pics/movie/celebrity-default-large.png",
            "medium": "http://img3.doubanio.com/f/movie/8dd0c794499fe925ae2ae89ee30cd225750457b4/pics/movie/celebrity-default-medium.png"
          },
          "name": "汤华宝",
          "id": "1357428"
        }
      ],
      "year": "2016",
      "images": {
        "small": "http://img3.doubanio.com/view/movie_poster_cover/ipst/public/p2355657156.jpg",
        "large": "http://img3.doubanio.com/view/movie_poster_cover/lpst/public/p2355657156.jpg",
        "medium": "http://img3.doubanio.com/view/movie_poster_cover/spst/public/p2355657156.jpg"
      },
      "alt": "https://movie.douban.com/subject/26782625/",
      "id": "26782625"
    }
  ],
  "title": "正在上映的电影-北京"
}